calamity_label,location,count
drought,Alabama,2
drought,Athens,1
drought,Basin,1
drought,Bay,2
drought,Bay County -,1
drought,"Bay County</a>&nbsp;&nbsp;<font color=""#6f6f6f"">Panama",1
drought,Buckhannon,1
drought,CBMi5wFBVV95cUxNX1Z2QUtCNWgzUXg3MjF2ald0MlF4RHd1VHRqcGtMNWVsQWNBcXBpMFVyVl96ZWtnT2U5a2RkWUd4TG4xd2ExaFN2STJEUEFBNE5xZXNUM2pORG9pY241YXk2VEhZODRSOHd3MUZ1eXlkaXRseUhNNW54S0V6MHExa25kRUtVT1dWWGtJZG11NVozSE1teGE5ZTU4WFN6OWs5VXhqTWZibW1zVjM0d3VzMklSVjd6dVJQU3k5eDItRE5WOGtMcmZxS1pSUkVzMm02QUhLYXAyeERBdjRzVUQydW5vdExhdEE?oc=5,1
drought,CBMilAFBVV95cUxQR2x2ZmFTMXBodlJKbXlIOXNCd1MxMERNY1dzemZtRlFlbzJaNkJJZlJkNFhOTFVadUcyOFQ3YVFDX3R5Mnc4ZjUxbXRYcHhTSlpUZkM1a1cxSjFBR2QyUzNaRUhSdTIwYU5HcUU5aXBSNUxGUHhjUnZnRmZlTjlqdVhzczVCLUc0NVJCdk9XVkpvNXpm?oc=5,1
drought,CBMimgJBVV95cUxQbE9aSTNva3FIc29wVzhJanNFSllMZFM4bUxqWHlBNnA4YlZPenZsWEhUN0VJdDR1MnlmbkVCMG5XdlZqcW5CSl9aQ1ZUNkV4LWVZc2VGUVptZkdTY0RVako0SXYzRkJ4UzY5MDdXOVNQVHFrMEczRkZtd0JMekhnMUQxVTVlMWYyT092a0FSNHZIYU1oYzV1RUdwelRfT0l1LVFqT2JFMDdqQzZfV2RjQTQ0QUtBUjkwOHV6cUk1YzVUdGtuZjdISEFWUkwtU2p0QVl0Ymc1ZUxwbFpCdjQ4NV9COWl3UndZX1c2VWVnN1FYalN0b3U2YVFGWTV1azJHenl6U2RpUFhGRFk4YmNYcUwwSmJMeHU3bXc?oc=5,1
drought,CBMiogFBVV95cUxQaEhVRDdmQ0stN3NIajBmVk5rcWw0OFhvdVlBa3NLa2dIMVZmSDR4d0tfSHFacXNTMnJwNU5XQTA1NjVSRlI1eXlncjdmQmM3cnk0VG1zQTF3OXQzQnZKSTVvcG5RUWs4TENpM3dBNlg5dTFrbWJBVUthTlQ1WTJOR3prTG5RMm83LXZpWVNLNEY0aDlPMUVQVWZYeUUtMEw3UHc?oc=5,1
drought,CBMiqwFBVV95cUxQT0Z2WGdTWnBwSGtnTWdmQ3J4T0xINmFHRjdLNU93dGhBMzMxTkxXVks1dHpaVU41cWtsSVRveHg5Z216ZC1rLVRTZURTNEx5X19qZUhKZEFNT0lfOWw1bG5FZW9lc1MxRVRWNTllU1ZGS2ZzbEJWSlJ0TldRTzBVTHpWdndJV1ZDcVpIbHdKenNCSUJaM2xacXV1aEhrUVM5VmhlS2hMaTVoTWc?oc=5,1
drought,CBMiugFBVV95cUxQaXdqRWlwX2VXWGtCYnBXUU96Y0JxN0YwS3FYamhvVzZIUzBWR2l5cDRwak1YYnVnUjk2UU1iQzdqMi14ZmNJX3ZyUk5uUnFuUkpMMElVWnU0Vk5Kd05JR1RyTHdFRkRpOVNQSU9OdVJObjNJN3JwWHR0SHYwdGV1LWRXcWpiVVFLWkE5cGJPcnozYldHRGRUX1RERUVBOGU0NkxmQS11N3U1b3VHdE9sN25pY3RiTzU3SUE?oc=5,1
drought,California,1
drought,Cambodia,1
drought,Central Water,1
drought,China,2
drought,Davis</font,1
drought,Decatur,1
drought,Drysdale,1
drought,Dublin,1
drought,Dundee,1
drought,Ethiopia,1
drought,Florida,1
drought,Heights,1
drought,Houston,1
drought,Iran,7
drought,Ireland,1
drought,Islamic Republic,1
drought,Israel,1
drought,Jets,1
drought,Leon County,2
drought,Leros,1
drought,Maine,7
drought,Manatee County,1
drought,Manatee County -,1
drought,Mandarin Orange,1
drought,Mandarin Orange Prices -,1
drought,Maryland,1
drought,Maya,3
drought,Middle East,1
drought,Middle East Eye,1
drought,Midwest,1
drought,Mississippi,1
drought,NE Ga. - 97.5,1
drought,New Hampshire,1
drought,New Mexico,1
drought,News</font,2
drought,Newswise</a>&nbsp;&nbsp;<font,1
drought,North Country,1
drought,Northeast Florida,1
drought,Novembe,1
drought,Ochlockonee River,1
drought,Ohio,2
drought,Patmos,1
drought,Pennsylvania,1
drought,Polk County,1
drought,Quebec,2
drought,Roma,1
drought,Russian Federation,1
drought,S. Ga.,1
drought,Scotland,1
drought,Somalia,5
drought,South Africa,1
drought,South Park,1
drought,South Park Season,1
drought,Southeast Georgia,1
drought,Southwest,2
drought,Southwest Florida - WINK News,1
drought,Suwannee County,1
drought,Tallahassee,2
drought,Tampa Bay,3
drought,Tehran,4
drought,United States,1
drought,Upshur County,1
drought,Vermont,2
drought,West Virginia,1
drought,West Virginia - WTAP,1
drought,West Virginia</a>&nbsp;&nbsp;<font,1
drought,Wichita County,1
drought,"color=""#6f6f6f"">fox10tv.com</font",1
drought,low</a>&nbsp;&nbsp;<font,1
drought,soon?</a>&nbsp;&nbsp;<font,1
drought,"target=""_blank"">Upshur County",1
drought,"target=""_blank"">Wichita County",1
drought,the Maya Urban,1
drought,the Maya Urban Collapse - SciTechDaily,1
drought,the Tampa Bay,1
earthquake,ATLANTA,1
earthquake,Aceh,1
earthquake,Afghanistan,1
earthquake,Alaska,14
earthquake,Amachoding,1
earthquake,Anchorage,3
earthquake,Annapurna,1
earthquake,Arkansas,1
earthquake,Aso City,1
earthquake,Atlanta,1
earthquake,Azerbaijan,1
earthquake,Bangladesh,4
earthquake,Bay Area,1
earthquake,Bay Area - San Francisco Chronicle,1
earthquake,Big Island,1
earthquake,CBMi1gFBVV95cUxQQy1jVkR4Sk1QSmpJX0NkNWd5ajQ4MmtpalJBcUpmSlNpdzg1Q0pTMDlhLXhTLWZBTDI3WDdBUXNBUnhZTklRQ3FSVkhXN3JfUUh3ZFF2T2stWVMtQzZMRVBCQy1rRXVYRk9DMWRRU3p4RmNJSXVjYnhWQ3JLTHpxN1Y3Y0kyRUFlZVVsQlhUaDNsMEpfcjVzM2FITVNidndFbVdnU29IWFV1aXpmTEtyaGFKN0c3ZU16NVdpcldtZnh2Ym5mY28zc1dxTnRfYU04TmZuWmFB?oc=5,1
earthquake,CBMifEFVX3lxTE4tQlNGME1zWFhWR0V0d3ZPWWhQeGNWNHotQnRxUnBUd1g2OW1id2pTakZVeDhWcjVNUGsxcy1kTXFxQ3ZJRVlaTUJSQUxZUURlS1NDNGhCc0RYSFFMX095bEkxbk0xZHlTeng2Q01TRzNpbUQ3Yk5MRlYzREXSAYIBQVVfeXFMUEY4T3BVSE1kZU00Z2tiZzBuaHo1UXlZM25sODBUQ0tiYkl5MUQ2SnptLV9UZ3lwMThwU0FQQ0g3c2ZvWjZPWWhJRTRnREFNLVdMV2E4cW9FZkdtQkYySUZhc2VhaFczSWk1QU9Majl5b1JCdW0tOGZVaTdlMjFoODNSZw?oc=5,1
earthquake,CBMifkFVX3lxTFBOTGV4YWpKUzVySGhRbno2YUFqMXZpNk4zNzBpSHlQSUI4WkJIRHppdWVnbHNUQ1RWbGVCaTJKMjY3dHU1VEVUX1FZOE5fTzZPQnR6UTdLS01lZTJFV29EV1dxaUhDTzdxRnRVZDRnRDJzMEhCY2RKS1N5YzBVQQ?oc=5,1
earthquake,CBMihgFBVV95cUxQZk9jb3FRR2tkb3MtX0FBbm9Vdkc1VXoxcFlmR2FPZGszVFh0clpHTjhPeDZuUzNOcUJIUWNpZTBtcG4tTzJIZWtVaDlicGJSQU9HazR2aUNTTUMzWjNURHNuaGlBR3hvS3owQjhNdjIxTW1KZVluMWVsLThKeXJuWTA5NVBpUQ?oc=5,1
earthquake,CBMilgFBVV95cUxNQms2MTBIb2dXSm56TWh6LVBiRkRCM25sSnZ6bXkyNFRKYkNRMG1rY1A0UnZKa05ERnNlRGdJOWFDbWd5b3JYZC1oZG5DTkJfOHVhWEVuV0V1UllZN0EwRmNfYTJsMk5PdFg0Mlk0S2tuQjI5R2N6TTlyZUdtc2tUb1dpczAzNzJzbkMyU3hlUGpaZ1g3Q1E?oc=5,1
earthquake,CBMixAFBVV95cUxOVWR6SXBxUHRiWllScW5wdWdQZHF5T19jazRvVWFYWUJEbWl4SEZMbWk1RFYzSTRHcy1jOWdzc3J3UVF3TGo1STVJaW10TVVhYVZCYTdla01nam9kWHUxY19yMUpua3c2c1NjeHluVWNmMHhMajFsZi1UNTIzS2kyMmMtZ2tCQ0dsLWlaTU9US3RSWTd5eDhyS01IM1g0cTg0WlFkcmEtTHFELWkweGZxSGhiTklFZGp6VWhqWkNxR3hlLXhE?oc=5,1
earthquake,Calif.,3
earthquake,California,6
earthquake,Campi,1
earthquake,Clallam Bay,1
earthquake,Cobb,1
earthquake,Denali Park,1
earthquake,Dhaka,1
earthquake,Dundalk,1
earthquake,Earth,3
earthquake,Flegrei,1
earthquake,Georgia,1
earthquake,Gilroy,2
earthquake,Haiti,1
earthquake,Hawaii,7
earthquake,Hawaii Island,1
earthquake,Indian Ocean,1
earthquake,Indonesia,8
earthquake,Island,1
earthquake,Israel,2
earthquake,Italy,1
earthquake,Japan,5
earthquake,Karditsa,1
earthquake,Kaski,2
earthquake,Kenya,1
earthquake,Kenyas Lake,1
earthquake,Kilauea</a>&nbsp;&nbsp;<font,1
earthquake,Kīlauea,1
earthquake,Lafayette,1
earthquake,Lahewa,1
earthquake,Lake,1
earthquake,Laoag,1
earthquake,Louth,1
earthquake,Mindanao,1
earthquake,Mo. - KFVS12,1
earthquake,Morfovouni,1
earthquake,Myanmar,1
earthquake,N.J.,1
earthquake,NW Georgia,1
earthquake,Naples,1
earthquake,Narsingdi,1
earthquake,Narsingdi</a>&nbsp;&nbsp;<font,1
earthquake,New Hampshire,2
earthquake,"New Hampshire.</a>&nbsp;&nbsp;<font color=""#6f6f6f"">Seacoastonline.com</font>",1
earthquake,New York,3
earthquake,New Zealand,1
earthquake,NorCal,1
earthquake,North Sumatra,1
earthquake,Northern California,1
earthquake,Northern California - livemint.com,1
earthquake,Oregon,1
earthquake,Philippines,3
earthquake,"Philippines</a>&nbsp;&nbsp;<font color=""#6f6f6f"">Volcano",1
earthquake,Quake Hits Region,1
earthquake,Rattles Bay Area,3
earthquake,Rome,1
earthquake,Round Valley,1
earthquake,San Diego,1
earthquake,San Jose,1
earthquake,San José,1
earthquake,Santa Rosa,1
earthquake,Seattle,1
earthquake,Sonoma,1
earthquake,South Bay - KTVU,1
earthquake,South Bay</a>&nbsp;&nbsp;<font,1
earthquake,South Carolina,1
earthquake,Spotify,1
earthquake,Sumatra,1
earthquake,Sumatra</a>&nbsp;&nbsp;<font,1
earthquake,Susitna,1
earthquake,The City Of Portland Takes,1
earthquake,United Kingdom,1
earthquake,United States,4
earthquake,"United States</a>&nbsp;&nbsp;<font color=""#6f6f6f"">Volcano Discovery</font>",1
earthquake,WA</a>&nbsp;&nbsp;<font,1
earthquake,Yellowstone,2
earthquake,"color=""#6f6f6f"">Alaska",1
earthquake,"color=""#6f6f6f"">Greek City Times</font>",1
earthquake,"color=""#6f6f6f"">San Francisco",1
earthquake,counties</a>&nbsp;&nbsp;<font,1
earthquake,the Bay Area,4
earthquake,the South Bay,1
flood,America,1
flood,Asia,1
flood,Atlantic City,1
flood,B.C.,1
flood,Bhumjaithai,1
flood,Bongbong,1
flood,Brooklyn,1
flood,CBMi2AFBVV95cUxNZHJfRDNMTS12SjlnQklYRTJTZkpmUVY1a3Vub1RJUW5jTmR2bkw5OGwyS2JiV3VYczIzM3EtUXJTNEtLenNRWkFjMTV5OTUycXlMT2NMbW9faGJuSWpqTUhpVEpRczZ0X05OUW5IcmFMTWh2TU1GVFA3QjRvZDVmTWNMMGNaNzQ1bTd4Q0JxRXgyRjZtejFaNk9YMGhzbE5DNDR6VHI0QXpFVHgwMU9ZejBockVveFdxWlMtMVBfSlBVNVZPS0NPZ05xZzNiY1VaRWpJYjZxZno?oc=5,1
flood,CBMiWkFVX3lxTE54TXpUcUlyc29OQ1VFTk9MTXVsWjhZSFVUdkZULUR1YndoT293djJMNkRPQUlsamgzTkZmTHNHbTBPLTFwelR1LVM1NkU2Z0VSLXB1ZHBLVUd0Z9IBX0FVX3lxTE1od24zYU1HQk9sWm91R0ZscmpHVHNsemVTTThNZ1BNdTFJNHZQTWM2Y3Q5bnlkS3RyUDNGUnp4VkI0Rm8yVHNldnJ6MmdOUGRwN3FOVnlUWUpXNDJtQ19z?oc=5,1
flood,CBMiWkFVX3lxTE9FNmFhY1FweDdnOFRwc0FhTnRKU1hSekw1Rzc4ZzZMWWk1VnRUYS1SMW5iSWM0UnRKR1gyMU5rMkhJRjNOQjI4cldnU3oxTHdyeHlRUmdZSUNIZ9IBX0FVX3lxTE8yMlJxV0JNVGVMZGhPLVB4QkpRbmVDUXlyS0Q3Z045bHhaXy1YS3F6ZUZ1WkZGVGtyd3NrRG9CTzg1TERFVlBqS01aZ0ZSUzZ5Q2dqMWpiWU9RM3V5b0hZ?oc=5,1
flood,CBMiX0FVX3lxTFBXb2gtTU9fWjNDWUQ1ZUpUcW0xeUtoYXZGajN0VUlsaGplb2ljd2dJcDJsS3NaSnZWa2FPcnJNYUpYbFU5WU1JY3BzQ3VYc1N3SmdnSUNQa0NvbEU5cmxZ?oc=5,1
flood,CBMiowFBVV95cUxQNXl1bURZNTFnM0lycl9paG1aRzRfSF9BUVoyOW1ERUNqbXFSdnNid3doZHhmc29YSjZtWXFwd3NYbkNGcnlJd05WV2haVnZYbkN6cjRqTDhXaEZwa1NJSlZ4REc3dm15d0NMNlhaMGp5VUpGWGMwTWdaVDlKZFZYd0FJZXhxTUdDeUJxOHFJQmpVT3FtUWdtX2JNdGN0YUhaNmFr?oc=5,1
flood,CBMitgFBVV95cUxQd1ptZHJmSF9zeTZmS09DbDhFcGdyVXZoTHBobk93Sk9VeG1QSDhlaFFmZTFzaHc5UllSRXBWSUJlV3FoekpiVmJySFdFdFZFS01tNVlWM3dCSnBJVmZweHdpMXJwR1YzV05IbU5EeWxYUE1mWVFLMjE3bEY0eXVVNkJnSVJ3RGpySXJsM0RaRG55b1NLOFJIcXVyWl84TmJ6TW1ldlhWOFBvTlUxdEdaVzhGLWlBZw?oc=5,1
flood,California,1
flood,China,1
flood,Chippenham,1
flood,Cincinnati,1
flood,Costa Mesa -,1
flood,Costa Mesa</a>&nbsp;&nbsp;<font,1
flood,Earth,1
flood,East Asia,1
flood,Ector County,1
flood,Egypt,1
flood,Electro,1
flood,Gaza,3
flood,Gaza</a>&nbsp;&nbsp;<font,1
flood,Ghana,1
flood,Hai Yat</a>&nbsp;&nbsp;<font,1
flood,Hapy,1
flood,Harlingen,1
flood,Hat Yai,1
flood,Hatyai,1
flood,Hong Kong,2
flood,India,3
flood,Indonesia,20
flood,Indonesia</a>&nbsp;&nbsp;<font,1
flood,KUALA LUMPUR,1
flood,Kedah,2
flood,Kelantan,3
flood,LOS ANGELES,2
flood,Licking,1
flood,Licking River,1
flood,Liverpool,1
flood,Los Angeles,3
flood,Los Angeles County,2
flood,Louisiana,1
flood,Malaysia,8
flood,New Jersey,1
flood,New York,2
flood,New York City,2
flood,News</font,4
flood,Nile,1
flood,Pelajaran,1
flood,Penang,2
flood,Pendleton County,1
flood,Perak,3
flood,San Antonio,1
flood,Sijil,1
flood,Songkhla,1
flood,Songkhla province,1
flood,Southern California,3
flood,Southern Thailand,4
flood,Spain,1
flood,Sri,1
flood,Sri Lanka,2
flood,Sri Lanka - Anadolu,1
flood,"Sri Lanka</a>&nbsp;&nbsp;<font color=""#6f6f6f"">Anadolu Ajansı</font>",1
flood,Texas,4
flood,Thailand,23
flood,United States,2
flood,Upgrades,1
flood,Vietnam,2
flood,Washington,1
flood,Waterproof,1
flood,West Sumatra,2
flood,West Texas,1
flood,West Texas County Struggles,1
flood,West Texas county,1
flood,"color=""#6f6f6f"">CNN</font",1
flood,"color=""#6f6f6f"">Euronews.com</font",1
flood,dead</a>&nbsp;&nbsp;<font,1
flood,humanitys,1
flood,missing</a>&nbsp;&nbsp;<font,1
flood,"target=""_blank"">Pendleton County",1
flood,"target=""_blank"">Thai",1
flood,the East Coast,1
flood,the Eastern Province,1
flood,the United States - Association of Health Care Journalists,1
hurricane,Alaska,1
hurricane,Anaheim,1
hurricane,Andhra,1
hurricane,Atlanta,1
hurricane,Atlantic,5
hurricane,Atlantic City,1
hurricane,BROOKLYN,1
hurricane,Beach Gardens,1
hurricane,Best States,1
hurricane,Brooklyn,1
hurricane,CBMi2wFBVV95cUxQazBDaE45ZGJSbDBqQTV2ODNicE9wblJSX3VEZ2tQdldBbktjY00xVjMwU1hxR1NmN3lxNzVIM1p2RFA5RFQ2NDNJblZIS0dncGNBWFphTlFkUkNQTzdjQXhuTENWNWNuekJNdktZcE1WZ2c2Y21FaS1JZXNLaE0tRDNCMUN0LVdJVDNMUmo3RUtmWG12UWdBUE9tOVZqY2ZMdVBTVFN1YlNDeHI5WjFpdHZSZjJnSWR4ckJLaXpmWmFCWUNqVm1EeF9BdUFZTWttZTg2Tk5CMXdxN0k?oc=5,1
hurricane,CBMihwJBVV95cUxQRkQ5dnpvSXpUSVpsSmdmOWRJd3JVeFdHX3JGdWxwZEFraVBXYXBNcHhpeHhYQUtETEVhSVdxS3E3cXBvYi1WTXJXVjllVEExYVFSblU5Q3JNY0pXSGxwdnpZOHJfTjBCenAtWHF0WmxUMFZCX2w3c1EyeXE1MFFYT2FQU3FieGM4a09DUFBFRnlBZGJJZzROWjRQNFpiWGJDTEI4ME1BYUp3TjBKQUNBZXdmRGRFUFNpbDZRUF84U3VPR0pVSGEzdUxQRmNuUWNqUGFSaVhuSi1xTm50Z0tiUHdPZi1jRHlicWZPX2VsbXhlT1oxeC1uWk9oM19IME1pMjl3QkJaTQ?oc=5,1
hurricane,CBMiiAFBVV95cUxNb2NlQ01pX1dCYzFhMWJkLUdEYk1oX3E1WTZMLTlrMF9RSW9WYVE5MExja3VKSFE2OXpwTUtaTDRoeUFKRnF0Y25jcWRJeGtJcEVycFpiTjRlamM0S3BReFBRSEdCV19IS0x5UnpvZ1Y1VEdRR2pqcC15eDNJZUdPQW1waXZRbFJy?oc=5,1
hurricane,CBMiiAFBVV95cUxNdURlZUFNc2wyRnh1QTRVTW9LdWxkZlNKeHlIWmhrVGZKTlFiRzhoT2VsOVNGY251VWhvT0R0Z21NMmJ4eFl1VWlZdDBWeGotZnZwQ0NTU214OEhETWh0Yk5RQ2RxRmt5RnFyb3lCZE1VUzdGMHptSnJCSi1wMnVncjdONnQ2TlYz?oc=5,1
hurricane,CBMingFBVV95cUxOYUJPSWQzWmJyeDNNQmhaQ1VYc09weGNFWkVJZ0tobkVGNXN3Z1RYX2RiU1dhSDlMNVNIeHA3M2dpMnZkeVA0aWxNdC1fLTE0dkY0Q3k0YWhLTWgtbklKWnExa0pOVUtOYXRDME9TLWd3ZGNTcUN5Tkpaay1sQzhleGR3MWUzNWpxZWh5NktaVUtaUWp2OENkOXZxdWhQUQ?oc=5,1
hurricane,CBMioAFBVV95cUxPUDBFYmZLLXRKU1FwLVRnQzlKRFNPenk3bUJOT0UyeXBJekJnSDlDb19QekZRY2YtbFR4RDhYMU5jUkFxVS1UM1o0a1pqNkNOVThtY3dSQXFFQ2pnSlJlMWFZY3EyVHZIYTlONnFiZmtRTkM3WE93WlM2bFB5SUZUWW4tS1FneVFRZmxUMkQxREtVU0ZiQjZNUHBDQ3lsVFFH0gG0AUFVX3lxTE9ZeUpZenFYRlFER2Q3UGhMaW9lN25fM25MaWhVQmEwck96X05LRkh6MkxqUmxaUHRrdnl4NXJxb25way13OG9kMndaaFJZb1liUWExWWF6N25wWHhaMGozTlF6cGMwV0hFcmhhOFk5VnljU3FWY2dnVm9YMEVyWDk2bFcxVHRibndaaDJ3LV9OUDNRVFNjWkJMcEFaQWxXdkFKUW5xekMwejBZcWxtYkUtd0NYeQ?oc=5,1
hurricane,CBMipgFBVV95cUxOUjRvWXVfOFZxVlQ0WFhuMjV6UWxTV2kzbUpCcEN3SHgzTkpfMmlNRnNpNzlzeGN1eVY1LXJwRUVISFB0LU1DckRaaGJSWlp4cmR0TTRTYXpDOWFWOVFQZy1fdmJPRjNzY3ZBbE1PR3YwSVhBcDRIYlBJZnAyTFhjQ2d0cmRZR1B2MnY5U3N0RWc5WFhTOWVyWjNlbk84MWI1MENDTGRB?oc=5,1
hurricane,CBMiyAFBVV95cUxNU1Z0NzY2MlhINmpaV0xOc040dmRxanpYYjBIb05hOTViVm5FckNPdkJiblJmN0F3Z1hMaldkR2ZnOGQtS2F2Q0RNbS1TaXhvQXV4QVJ3X1N2VUZXc1Mzb3lOakh4R24tU2tubEtYS1R2YnJIUW40djJyZWZpZzExYmVXTjkwX0Ria1dfNThVeXV2TDZQS2lmb3ZteWhnb1RHSzNLNWZTSU5xcWcxMDlGZUZSb01WTlgtUjI2QUhEWHNmMnl0WERaSA?oc=5,1
hurricane,CBMiygFBVV95cUxQNVVhSGg5S3RQZHVETWNjdzZfLTJjSEtNS0sxTEl6eWZ1d1JzTUlJRVE0N3pQc3k2d1VrRmZ0bkkxSTlnWGRvcGNlUHNya29PNXR0WDBrbXdlQ1plcXNoejNKVXNacE5tek5Vc1J0UXRmRnpKOEs1OC15U0ZRUVlyRGhLMXI1bGY3UU5pamZ4WjJuSURSYWxXdkpDVzdCd3NicWJ4RTBwTXBwdTZVWmJEQWxHZGRkdU5zTzZhdUVTeHdobHpYU0I2UEtB?oc=5,1
hurricane,California,1
hurricane,Canada,1
hurricane,Caribbean,6
hurricane,Charleston,1
hurricane,Connecticut,1
hurricane,Cuba,4
hurricane,Dominican Republic,5
hurricane,Earth,1
hurricane,Efforts,1
hurricane,Fairfield,1
hurricane,Florida,7
hurricane,Gulf,1
hurricane,Haiti,1
hurricane,Hideaway Beach,1
hurricane,Houston,1
hurricane,Hurricane,5
hurricane,India,1
hurricane,Jamaica,22
hurricane,Kerala,1
hurricane,Lake Erie - AccuWeather,1
hurricane,Lake Erie - upi.com,1
hurricane,Lake Erie</a>&nbsp;&nbsp;<font,1
hurricane,Louisville</a>&nbsp;&nbsp;<font,1
hurricane,Malacca,1
hurricane,Miami,1
hurricane,Miami CF,1
hurricane,Miami News</font>,1
hurricane,Midwest,1
hurricane,Mindful,1
hurricane,Mississippi,1
hurricane,N.Y.,1
hurricane,New Jersey,1
hurricane,New York,2
hurricane,New York City,2
hurricane,New York Cityand,1
hurricane,News</font,1
hurricane,Nicobar Islands,1
hurricane,Nippes,1
hurricane,North Carolina,1
hurricane,Orlando,1
hurricane,Palm Beach,1
hurricane,Palm Beach Gardens,1
hurricane,Puerto Rico - St.,1
hurricane,Puerto Rico</a>&nbsp;&nbsp;<font,1
hurricane,Silicon Valley,1
hurricane,South,1
hurricane,Strait,1
hurricane,Tallahassee,1
hurricane,Tampa,2
hurricane,United States,14
hurricane,Wallowa County Chieftain,1
hurricane,Washington,1
hurricane,Western Jamaica - DancehallMag,1
hurricane,White River Valley,1
hurricane,"color=""#6f6f6f"">CNN</font",1
hurricane,snowpack</a>&nbsp;&nbsp;<font,1
hurricane,"target=""_blank"">Dominican Republic",3
hurricane,"target=""_blank"">Hideaway Beach",1
hurricane,"target=""_blank"">Veteran",1
hurricane,the East Coast,1
hurricane,the Strait of Malacca,1
hurricane,the islands eastern region,1
hurricane,west coast,1
unknown,AP)India,1
unknown,Addis Ababa,1
unknown,Afar,1
unknown,Alabama-Auburn,1
unknown,America,2
unknown,Antioch,1
unknown,Araceli,1
unknown,Arkansas,1
unknown,BELGRADE,1
unknown,Bahamas,3
unknown,Balkans,2
unknown,Bangladesh,2
unknown,Barbados,1
unknown,Barcelona,2
unknown,Beale,1
unknown,Bitcoins,1
unknown,Bloomberg,1
unknown,Blumhouse,2
unknown,Bosnia-Herzegovina,2
unknown,Brazil,3
unknown,Breitbart,1
unknown,Bremen,1
unknown,Brodnica,1
unknown,Brussels,1
unknown,Bucket,1
unknown,Buffalo,1
unknown,CBMivAFBVV95cUxNbmZMalRiSG1laHZ0bXlvSGdMU0tJUDJKazV0ZFVEZTZYNzM0ZFVNNlg0c2tBRlp2UUlFQi1iN210aEFZLXNya1NkMEd0ZlFELVQ2cS03aFFCbWtfQnR6NW90dWFELWJqelNoWGZlaVJhVEoxS3U1aGdoWUVWSzNWVDljdzA1QXQ4eE5BLVk4dlQxRWs3ZTFPQU93eGtoZFVucUQxRXdfYXVCbV9lM1ptdllKXzlfLVU2cmVZQw?oc=5,1
unknown,Cache Cay,1
unknown,California,10
unknown,Canada,4
unknown,Candyland,1
unknown,Cedar Hill,1
unknown,Chicago,1
unknown,China,8
unknown,Cleveland,1
unknown,Colorado,1
unknown,Cougars,1
unknown,D.C.,1
unknown,Dallas,2
unknown,Denmark,1
unknown,Dubai,1
unknown,Eagles,1
unknown,Earth,1
unknown,Ethiopia,2
unknown,Europe,3
unknown,Fingerprint,1
unknown,Florida,3
unknown,France,2
unknown,Ga.,1
unknown,Gaza,1
unknown,Georgia,2
unknown,Germany,1
unknown,Golden State,1
unknown,Gotham City,1
unknown,Great Lakes,1
unknown,Guangzhou,1
unknown,Guwahati,1
unknown,Haiti,1
unknown,Happy Valley,1
unknown,Havana,1
unknown,Hawaii,1
unknown,Hawkins,1
unknown,Hollywood,1
unknown,HoopsHype,1
unknown,House Speake,1
unknown,Houston,4
unknown,IASbaba,1
unknown,India,5
unknown,Indiana,3
unknown,Indonesia,3
unknown,Iowa,1
unknown,Irela,1
unknown,Ireland,3
unknown,Israel,1
unknown,Istanbul,1
unknown,Ithaca,1
unknown,Jackson,1
unknown,Jakarta,1
unknown,Jamaica,1
unknown,Jammu,1
unknown,Jasmin,1
unknown,Johannesburg,1
unknown,Judea,1
unknown,Kansas State,1
unknown,Karapürçek,1
unknown,Kashmir,1
unknown,Kenya,1
unknown,Khotang,1
unknown,Knockout,1
unknown,Kotaku,1
unknown,LAS VEGAS,1
unknown,LOS ANGELES,1
unknown,Lagoa,1
unknown,Las Vegas,1
unknown,Leaked Audio,1
unknown,Lebanon,1
unknown,Lexington,3
unknown,London,2
unknown,Los Angeles,2
unknown,Los Angeles County,1
unknown,Lucasfilm,1
unknown,Luochuan,1
unknown,Malaysia,1
unknown,Manhattan,1
unknown,Mediterranean,1
unknown,Memphis,1
unknown,Merri Creek,1
unknown,Mexico,1
unknown,Miami,1
unknown,Mirpur,2
unknown,Mississippi,1
unknown,Mont.,2
unknown,Morgan Geekie,1
unknown,Myanmar,1
unknown,N.J.,1
unknown,NEW YORK,1
unknown,Neb.,1
unknown,Nebraska,4
unknown,Nepal,2
unknown,Netflix,4
unknown,Netflixs,1
unknown,New Orleans,1
unknown,New York,2
unknown,New Zealand,1
unknown,New Zealands,1
unknown,Nexperia,3
unknown,North America,2
unknown,North Carolina,1
unknown,North Carolina Highway Patrol,1
unknown,North Texas,1
unknown,Northern California's,1
unknown,Nuzzi,1
unknown,Ohio,1
unknown,Oklahoma City Thunder,1
unknown,Olivia Nuzzi’s,1
unknown,Ontario,2
unknown,Oregon,1
unknown,Ottawa,1
unknown,Pa.,1
unknown,Pacific,1
unknown,Pacific Palisades,1
unknown,Pakistan,1
unknown,Penix,1
unknown,Point Pleasant Beach,1
unknown,Portugal,1
unknown,Puerto Rico,1
unknown,Pune,1
unknown,Queens,1
unknown,Revolutions,1
unknown,Rhule,1
unknown,Rigby,1
unknown,Riyadh,1
unknown,Rochelle,1
unknown,SAN JUAN,1
unknown,San Antonio,1
unknown,San Diego,1
unknown,San Diego County,1
unknown,San Diego's,1
unknown,San Francisco,2
unknown,Santa Rosa,1
unknown,Scotland,3
unknown,Shein,2
unknown,Sicily,1
unknown,South Africa,1
unknown,South America,1
unknown,South Shore,1
unknown,Soweto,1
unknown,Springdale,1
unknown,St. John's,1
unknown,St. John’s Prep’s,1
unknown,Stolac,1
unknown,Swain County,1
unknown,Tampa,1
unknown,Tennessee,4
unknown,Texas,6
unknown,Thaksin,1
unknown,The Moon River,1
unknown,Tibet,1
unknown,Tulsa,1
unknown,Turkey,3
unknown,Tyler,1
unknown,Ukraine,1
unknown,United Front,1
unknown,United Kingdom,4
unknown,United States,21
unknown,Uzbekistan,1
unknown,Valencia,1
unknown,Valverde,1
unknown,Vernon,1
unknown,WASHINGTON,3
unknown,Washington,1
unknown,West,1
unknown,Yellowstone,1
unknown,bett,1
unknown,"color=""#6f6f6f"">San Francisco",1
unknown,consecu,1
unknown,n’t,1
unknown,the Greater Bay Area Sports Centre,1
unknown,the Kansas City Chiefs,1
unknown,the Methow Valley,1
unknown,the Moon River,1
unknown,the Pacific Palisades,1
unknown,the River Indus,1
unknown,the Rose Parade,1
unknown,the Smart City,1
unknown,the United Arab Emirates,1
unknown,the United States,3
unknown,the Vegas Strip,1
unknown,the Wii U,1
unknown,turkey,1
wildfire,Alaska,1
wildfire,Altadena,3
wildfire,Arctic,1
wildfire,Armenia,1
wildfire,Australia,2
wildfire,Avery County’s,1
wildfire,B.C.,1
wildfire,CBMifkFVX3lxTE91Y3BmRURVcG16dk9va2JYUHVCQ0x5aXhhWFlqSGJUeV9aT2dNUlctTUJQY1NwcklETGtFcXY5Q2tyS3AtUTFMU0R3ekNTU0xObHEyUkNxTVJtTzNmc2FvVmZsMGpyLXRWMVVXdmt4cGRrZjlFNFpnVklaT2Fvdw?oc=5,1
wildfire,CBMifkFVX3lxTFBOU1lqbVNESDFCRU1qamdyZnNFaGhDTi1YSmY0WDd3bnpRbjIyYVRCRlpJTlVTSEZkTUhybVM0QzhsOVlhYXcwSkNHRE1ZZGVVOV80VXRtVzltY0R4RXNqSG5VNU1UV0tOZUJBb1JoZm81cjc4cVNYNHJ2UFNVUQ?oc=5,1
wildfire,CBMihwFBVV95cUxNYUlSTHVPRjFHR3h1V3d6S1dpWDVPSDhial9rejhjR1g4Ni1kZ3hwdmM2NmtMZmQ2eGZMV3IwcG5BeXZvWE9BWk5KeWVYZ041N2NjVGFyNi1mRXNCc0hRUDdXTW5PVlNSeEFVMm5janFWelJ6X2ktTFRHWkhuVlFvWDJmREpqRVk?oc=5,1
wildfire,CBMirgFBVV95cUxObk5kSk9kb0FQN09RSG9WR3VWM3hHQlZ4VDR6VV85bFpRbm5UWEJrdHhNY0g2bVpLUFFfcXM5SmQ4RThpRWJ4M1l2eEkyRGlyVC1wc1F4LTNiR2JiMjVsZ0ZWWUxrWGpkTkt1RzNLcHRMbldhckpFZm5IanpQbGFKOVJETDIydHB0Q2trWmI0cVdyOUVrMzNPTGVTYVZuaEVqVEc3dEZTWHc2SjlvYnc?oc=5,1
wildfire,Calif.,1
wildfire,California,7
wildfire,Colorado,1
wildfire,County,1
wildfire,Custer State Park - KOTA Territory News,1
wildfire,Denare Beach,1
wildfire,Gadsden County -,1
wildfire,Greece,1
wildfire,Hillsborough County,2
wildfire,Iran,2
wildfire,Israel,1
wildfire,Jerusalem,1
wildfire,Kittitas,1
wildfire,Kittitas County - Source,1
wildfire,L.A.,1
wildfire,LOS ANGELES,1
wildfire,Lahaina,1
wildfire,Lane County’s,1
wildfire,Larimer County,1
wildfire,Los Angeles,8
wildfire,Los Angeles County,9
wildfire,Manitoba,2
wildfire,Massachusetts,1
wildfire,Maui,1
wildfire,Mississippi,1
wildfire,Missouri,1
wildfire,Nassau County,1
wildfire,National Park,1
wildfire,New York,1
wildfire,News</font,1
wildfire,Northern Iran -,1
wildfire,Nvidia,1
wildfire,Oregon,2
wildfire,Pacific Pa,1
wildfire,Pacific Palisades,1
wildfire,Pacific Palisades After,1
wildfire,Pennsylvania,1
wildfire,Riverside County,1
wildfire,Rockies</a>&nbsp;&nbsp;<font,1
wildfire,Scandinavia,1
wildfire,Shuswap,1
wildfire,Southern California,1
wildfire,Southern Manitoba,1
wildfire,United Kingdom,2
wildfire,United States,1
wildfire,Valley,1
wildfire,WEST HOLLYWOOD,1
wildfire,Wildfire,1
wildfire,Wildfire Prevention - Impakter,1
wildfire,Yavapai County,1
wildfire,Zendaya,1
wildfire,the Black Canyon,1
wildfire,the Pacific Palisades,1
wildfire,the South Rim,1
wildfire,west Gadsden,1
